created_at,id,full_text,user_id,user_name,user_screen_name,user_location,user_description,user_followers_count,retweet_count,favorite_count,lang
Thu Sep 24 04:26:41 +0000 2020,1308986187886080001,@FallGuysGame Rollus maximus,1115110418,arcancheure,arcancheure,,"je fait ce que je veut, quand je veut (et des vidÃ©os des fois aussi). Pronoms :ï¿½Ì·Ì‚ÍÌ’Í’Ì…Ì‡Ì”ÌŒÍ†Í ÌšÍ†Í€Í ÍÍ—Í˜ÌŒÌ¾Í€ÌÌ…Ì†ÌÍ‘Ì‘ÌÌÍŒÍ€Ì”ÍÌ•ÍÍ Ì”Í˜Ì‚Í€ÍŒÌŠÍƒÍ‘Ì›ÌÌ‹Í—Ì•ÍŠÍ€ÌŠÍŠÍŠÍŒÌÍ Ì€ÍŒÍÌ‚Ì•ÍÌ‰Ì¾ÍÍ˜Í‘ÌÍÌ½Í„Í—Ì¿ÍŒÌ“Í†Ì‚Í„Ì‚",14,0,0,et
Thu Sep 24 04:25:49 +0000 2020,1308985969207586818,@FallGuysGame Mr. Friendly,37853702,NinjaDeFuego,NinjaDeFuego,,"Stuck up, Half Witted, Scruffy Looking, Nerf Herder.",37,0,0,en
Thu Sep 24 04:24:53 +0000 2020,1308985735278735364,@FallGuysGame Grinder...,121874751,James Burke,Gr3yB3ard76,Georgia/Tennessee,40 something yr old Single dad #makechattanoogaweird,71,0,0,da
Thu Sep 24 04:22:46 +0000 2020,1308985200320352257,@FallGuysGame GIANT YEETUS,1280435830474113025,Hendrik Nigrini,hendrik_nigrini,South Africa,"Some risks are made to be taken, and some rules are made to be broken.

( _â€¢-â€¢)_ || ( /â€¢oâ€¢)/ -{ You got this }",3,0,0,en
Thu Sep 24 04:21:09 +0000 2020,1308984794517311490,@FallGuysGame Spiky MOFO,103117422,Thomas Romano,ThomasRomano64,,,55,0,0,cs
Thu Sep 24 04:19:33 +0000 2020,1308984391818006536,@FallGuysGame Swinggy mc spike,89853478,Tiix,Tiixie,"Burnsville, MN","Your online 'mom'. Youtube Editor for @RunningmanTTV. @RunningMods Shit poster, Gamer, Mom, and all around 'normal' person",353,0,0,en
Thu Sep 24 04:18:33 +0000 2020,1308984141619355648,"@FallGuysGame I don't know, but clearly it's working at a punk version of an automated car wash...",1088878766766485509,Clock Blocker,ClockBlockerX,"Seattle, WA","ADHD Streamer who loves to laugh, make amazing pizza, play pinball, and geek out.",556,0,0,en
Thu Sep 24 04:18:14 +0000 2020,1308984060493131776,@FallGuysGame Sir Cleetus,1070091781,alyâœ§,alyeaston,"Illinois, USA",,587,0,0,en
Thu Sep 24 04:15:07 +0000 2020,1308983275877281792,"@FallGuysGame Spinke, like a mixture of spin, spike and spank",36495396,Erik Sansburn,Erik_Sansburn,"Bothell, WA","I fail often, but strive for better",147,0,0,en
Thu Sep 24 04:12:42 +0000 2020,1308982666969182220,@FallGuysGame Big ol Cleetus,835831418496270336,Jay Humphreys,Dunkzilla21_rl,"Donnybrook, Western Australia","Rocket League player, C3 OCE playing for my team Hydra Gaming",10,0,0,en
Thu Sep 24 04:12:40 +0000 2020,1308982660442853378,@FallGuysGame Bug Spikus,1078378166186635264,Waiting For All the wrong Questions on netflix,UpielipsOnYT,Hotel Denoument ,"Freedom Of Speech Absolutist. fuck china lmao.
2020 Republican Candidate For Nebraskas Dumbest Bitch Office

#nebraskaprideğŸŒ½",23,0,0,et
Thu Sep 24 04:12:26 +0000 2020,1308982601793908737,@FallGuysGame @Felinavarroc,261893365,Fer,FernaandoCG,Gulag,"23. Me dicen Fer y me gusta la cocacola
âœ°âœ°Gulag King. Meaux ğŸ–¤âœ°âœ°
La peor inversiÃ³n de mis padres.",215,0,0,und
Thu Sep 24 04:11:33 +0000 2020,1308982379005050881,@FallGuysGame Yeetus Deleetus,776959014802427904,Splumpi (she/they),HanyuuHiiragi,,,355,0,0,in
Thu Sep 24 04:10:04 +0000 2020,1308982004285878276,@FallGuysGame Yeetus Omega/Omega Yeetus,1020696431206830082,Christian Justus,FromTheAbyss13,"Galesburg, IL",,9,0,0,et
Thu Sep 24 04:09:36 +0000 2020,1308981887440912386,"@FallGuysGame the ""chew chew""",2341670875,TeaRexTekMek,ThinkEnergetic,Canada,Twitch Streamer! and Youtuber. Come by the stream and say hey.,711,0,1,en
Thu Sep 24 04:09:04 +0000 2020,1308981754938773505,"@FallGuysGame The BBC,
Big Bad Crusher",279892084,Kevin Melgar,MonkeymanHavok,Grand Prairie,,13,0,0,en
Thu Sep 24 04:07:45 +0000 2020,1308981420795273217,@FallGuysGame lord whacker,1140454614799540224,MeganğŸ¤,Embers25,Pogtopia,She/Her,31,0,0,en
Thu Sep 24 04:06:24 +0000 2020,1308981082868641792,@FallGuysGame Yeetus the feetus,1274934407456047115,kat,MiDnIgHtMaDnEz,,"Kat ğŸ± 
Lesbian ğŸ³ï¸â€ğŸŒˆ
Sleepy girl ğŸ’¤ 
Need friendsğŸ¥º",3,0,0,en
Thu Sep 24 04:03:50 +0000 2020,1308980439017754624,@FallGuysGame the thing with pikes,60567092,Angel,lolmaster300,"Distrito Federal, MÃ©xico",,120,0,0,en
Thu Sep 24 04:03:38 +0000 2020,1308980384575651842,@FallGuysGame If thereâ€™s 2 of them you should call them Spike and Ike,1109256493948379136,xlpeanutbutterlx,xlpnutbutterlx,,Twitch affiliate/content creator who plays mostly competitive shooters,29,0,0,en
Thu Sep 24 04:02:01 +0000 2020,1308979978093109249,@FallGuysGame Big Teethus,954125145613979648,Ya boi Mike,Hellcat3582,"Tennessee, USA He/Him","pretty much that one bland af NPC that no one cares about or notices because he has no interesting personality traits, hobbies or skills that help him stand out",24,0,0,en
Thu Sep 24 04:01:54 +0000 2020,1308979948896636928,@FallGuysGame Big Kleetus,1248317843092852737,Peech | 1312,chisanamomo,she/her/idc,nani the fuck?,21,0,0,nl
Thu Sep 24 04:01:30 +0000 2020,1308979849617383431,@FallGuysGame THICC YEETUS,1089706037932896258,Jorge LRC,GamerLrc,,,6,0,0,en
Thu Sep 24 04:01:14 +0000 2020,1308979783368347648,@FallGuysGame Meat poundo,1265086329697624065,FrescoLeaksÂ®,Willemishere,,"Simping on the daily for @andrewyang
WillemğŸ§¢
Social media manager for the #BEBOLD2020 Movement",26,0,0,en
Thu Sep 24 04:00:12 +0000 2020,1308979522910523393,@FallGuysGame yig beetus,1200271694474162176,Baka Tako,BakaTako6,the depths of hell,"Want some random waves of retweets? Then follow me! (They/them)
Art account is @BakaaTako",39,0,0,en
Thu Sep 24 03:59:54 +0000 2020,1308979445370433537,@FallGuysGame chungus chomper,26397860,TJ,xPlacebo,nebraska,"disc golf, chicken strips, penguins, cats, & coffee make me happy.   Mediocre VR streamer.  https://t.co/OxZMe3as9i 10% off your gun stock with code: xplacebo",258,0,0,es
Thu Sep 24 03:59:04 +0000 2020,1308979239279042560,@FallGuysGame ???? https://t.co/GLcAv6D7zJ,1262076929039048704,gahvoy carty,gahvoy,,maybe a day will come when i get the chance to be an actor........future goals. https://t.co/gnjqxo6vO0,2,0,0,und
Thu Sep 24 03:58:07 +0000 2020,1308979000140857345,@FallGuysGame Cleetus Yeetus,1187812949286707203,OBP Gaming,OBP_Gaming,"Detroit, MI","Twitch streamer, nothing more, nothing less

https://t.co/P3118wBuE1

Join the Patch: https://t.co/W2SjSrqV0H",23,0,0,in
Thu Sep 24 03:56:10 +0000 2020,1308978508987871233,@FallGuysGame Big Yeetus Deleetus.,3932885907,Chase is tiredğŸ€ğŸ’š,ChaseDAnderson,"Parkersburg, WV",I'm never unhappy if I have a burrito.,146,0,0,in
Thu Sep 24 03:53:59 +0000 2020,1308977957722099712,@FallGuysGame Yig Beetus,902808552,JordanÂ®ï¸ ğŸ‘‘x5,jordanbsowers,LV-426,RPT / Film Nerd / Christian / I Curse Too Much / Physcial Media Advocate / Letterboxd: JBSowers,195,0,0,en
Thu Sep 24 03:52:47 +0000 2020,1308977655807717376,@FallGuysGame Spiky Chungus,835329723953741824,Twilight Noctus(Babie Boye!)ğŸŒ•ã‚¸ãƒ§ã‚·ãƒ¥ã‚¢,TwilitNoctus,Links in my pinned tweet.,"20|He/Him|Joshua|Straight
ğŸ¨Artist
ğŸ¼Music Maker
ğŸ’–Bestie: @JennALT_01angel
ğŸªCROB: KDGWR6980
ğŸ”†Brawl Stars: #8GQJQ8UR9
ğŸ’–Loves my friends!
PFP: @brettum_d",1246,0,0,und
Thu Sep 24 03:52:28 +0000 2020,1308977577462321153,@FallGuysGame Chonky Bonks,1062274846099492864,KmartKart,KmartKart,With Romeo and Mercutio,"I like Space Operas and Classic Comics, such as Flash Gordon, Nelvana of the Northern Lights, Batman, Prince Valiant, and the Newspaper run of Spider-Man.",3,0,0,ht
Thu Sep 24 03:52:00 +0000 2020,1308977457211604992,@FallGuysGame How about the Roly Poly?,2244373158,KiraLura,Lara15Sch,,ğŸ˜´,11,0,0,en
Thu Sep 24 03:51:29 +0000 2020,1308977328031137793,@FallGuysGame Big deletus,1094263280,Midknight824,Midknight824,Should you care?,â—ï¸OPEN FOR COMMISSIONâ—ï¸ im a dork named rene. I make music and do drawings.  https://t.co/RdZqbcmjrB,57,0,0,en
Thu Sep 24 03:50:53 +0000 2020,1308977177317330945,@FallGuysGame Bee McBee,1105643980908310528,Bee McBee,BeeMcBee1,,This is a @whatchaeden fan account,70,0,0,en
Thu Sep 24 03:50:37 +0000 2020,1308977112582422534,@FallGuysGame Big Sweepus,967436636442079232,Kade | bIm,kaptainkrk,he/him,"If at first you don't succeed, that means you suck lol stupid idiot",47,0,0,en
Thu Sep 24 03:49:04 +0000 2020,1308976720096243716,@FallGuysGame Tim's Bane,876480374368591872,Jeoggi,JeoggiTTV,Pit Between The Stars,"-GT Jeoggi
https://t.co/ToHNx4iuPb",8,0,0,en
Thu Sep 24 03:47:56 +0000 2020,1308976434841563136,@FallGuysGame Big chungus,754098987012071428,xX_DankStar_Xx,xX_DankStar_Xx,,"Male, US, 18, Artist, Musician, Composer/ Arranger, Working on a gameğŸ¤·ğŸ»â€â™‚ï¸",90,0,0,tl
Thu Sep 24 03:47:44 +0000 2020,1308976385369702400,"@FallGuysGame Cacete, olha isso amor @nandinhadenada2",1111457191171710976,Mariozin,mariozindamazio,,Sobrevivente do experimento 'leite com manga',10,0,1,pt
Thu Sep 24 03:47:32 +0000 2020,1308976335864377351,@FallGuysGame Log Lunger,18946290,Cory,cor624,"Cleveland, OH","Horror Movie Fan, Gaymer and Wannabe Photographer. Also where I share my game screenshots.",108,0,0,da
Thu Sep 24 03:45:16 +0000 2020,1308975764059099137,@FallGuysGame Haha cool help,956606342990647306,UzumakiğŸ¥,UnluckyUzumaki,,The Power to stand back up after failing is what true strength is you must never forget. â€”â€”â€”â€”â€”â€”â€”â€”â€”â€”â€”â€”â€”â€”â€”â€”-â€”â€”â€”Alt: @UnluckyDuck_,79,0,0,en
Thu Sep 24 03:45:09 +0000 2020,1308975733629476864,@FallGuysGame Zeetus Lapetus! https://t.co/D3rE0rGr0q,24193803,z0mbyte,z0mbyte_,,Born in AZ ğŸŒµ Made in Wisconsin ğŸ§€ @twitch Affiliate ğŸ® Cosplayer | Halloween and horror lover. ğŸƒğŸ‘»ğŸ’€ Business Inquiries: z0mbyteofficial@gmail.com,541,0,0,lt
Thu Sep 24 03:44:34 +0000 2020,1308975589324451842,@FallGuysGame Big yonker,1166497956754857985,elocomoco420,Tox1P,,Cool,0,0,0,ht
Thu Sep 24 03:44:20 +0000 2020,1308975529681453056,@FallGuysGame Spikymcspikeface (see boatymcboatface for reference),1044066529866702848,Marvelocity,TheMarvelGamer2,"Vancouver, British Columbia","Comic Fanatic.3D printing Enthusiast. Nerd and Proud. I stream Variety/Loot style FPS/RPG Games. Always Positive. 
https://t.co/Ze6nhiK48g",108,0,0,en
Thu Sep 24 03:42:33 +0000 2020,1308975080509235206,"@FallGuysGame Uhhh, The Dildo Of Doom?",110630180,Douggie Fresh,voltz420,"Hinckley, OH","inform your bias, seek the truth.

objective reasoning requires careful consideration of all the facts without bias
https://t.co/F2xbBSKF0J
https://t.co/cTwqWgiBiL",391,0,0,en
Thu Sep 24 03:42:10 +0000 2020,1308974983587270658,@FallGuysGame the spike and throw thing that swings around,1177984381849231360,ACAB ACAB ACAB,screwbooboo,,"It is i internet funnyâ€™nt man my life is a movie, specifically Toy Story ğŸ‡²ğŸ‡½ ğŸ‡²ğŸ‡½ #votedeeznuts",99,0,0,en
Thu Sep 24 03:41:24 +0000 2020,1308974790506577925,@FallGuysGame Yule,778057654988005377,dart,isntwhatmatters,Skate free download mac crack,"autism is key here

19",230,0,0,et
Thu Sep 24 03:41:06 +0000 2020,1308974714887565313,@FallGuysGame Little Yeetus,974189726201778177,Chris,Chris27024527,"St Clair Shores, MI",I dont really know what to say so I will think about it amd fill this in later,6,0,0,en
Thu Sep 24 03:40:10 +0000 2020,1308974480606277638,@FallGuysGame Hasta la yeesta,1234877125,Max,NorthernFrog3,"MontrÃ©al, QuÃ©bec",,24,0,1,fi
Thu Sep 24 03:39:32 +0000 2020,1308974321981886465,@FallGuysGame Big swingus,1277036905205547009,new twoup,splatoon_dump,,like new soup but two,3,0,0,en
Thu Sep 24 03:39:14 +0000 2020,1308974245905563648,@FallGuysGame Yeet Jr,1234877125,Max,NorthernFrog3,"MontrÃ©al, QuÃ©bec",,24,0,0,en
Thu Sep 24 03:39:12 +0000 2020,1308974238657904642,"@FallGuysGame THE DISSAPOINTIS!
(no sarcasm with this, i just think it's better my other name I came up for it)
And it will lead to people being... https://t.co/wWpWnZ528E",216975589,Guy in a crowd in an episode of Ballers,JulienTheDinger,"Los Angeles, CA",Professional Loser. Expert Idiot.  @Hemmendinger on Instagram. *During The Quarantine Update*:MOST MORNINGS 9AM-WheneverPM ONLY ON MY TWITCH!,212,0,0,en
Thu Sep 24 03:39:12 +0000 2020,1308974238267854849,@FallGuysGame Spiked Chungus,411351175,Laser003,Laser003,,"#BLM
Pro LBGTQ+, still a learner. If you are a Human, you are real, you should (be able to) vote and you are somebody who is worth caring for.",12,0,0,en
Thu Sep 24 03:39:07 +0000 2020,1308974214888804352,@FallGuysGame Trevor.,796027878236454916,Samuel ğŸ¦¦,samueljwinter_,"Manchester, England","Permanent sad and grump who tweets about corgis, Destiny 2 and occasionally bakes.

PSN: SxyCow",2351,0,0,es
Thu Sep 24 03:38:50 +0000 2020,1308974143589801984,@FallGuysGame The High Roller.,1004522842027888640,Oasismoose,Oasismoose,"Minneapolis, MN","Variety Twitch streamer, Aficionado of tacos, Slave to the corporations.",10,0,0,en
Thu Sep 24 03:37:52 +0000 2020,1308973903713390593,@FallGuysGame Rollin' Spikes,1013067216336629760,ğŸŒŒSweetie BloomğŸŒŒ,SweetieBloom1,"Daydreaming, reading, writing",16|ğŸ‡¨ğŸ‡±|ES-ENG-FR|Warrior Cats|MLP/MLPEG|DDLC|YanSim|Minecraft|MLB|TS4|and probably more(?,80,0,0,en
Thu Sep 24 03:37:11 +0000 2020,1308973729121263616,@FallGuysGame Sir Spikeus Deleteus,1263025457554960384,JKS,JaydenK_S,"London, United Kingdom",Nintendo Fan | A fan of Gaming in general | Just wants some friends | â™‚ï¸ | 14 | ğŸ‡ºğŸ‡¬/ğŸ‡¬ğŸ‡§ | #CrashForSmash | #RaymanForSmash | #BlackLivesMatter | #SuperMario35,30,0,0,pt
Thu Sep 24 03:37:07 +0000 2020,1308973714877427712,@FallGuysGame Optimus Roll,251760537,MissBunnyGames,xBunnyGames,United Kingdom,Destiny/raiding fangirl. RoCo is pretty hawt. PC. @Splatzyy ğŸ’— Daily streamer.,540,0,0,en
Thu Sep 24 03:36:27 +0000 2020,1308973544857051136,@FallGuysGame @Acoustico_  wtf is this,4800378266,BossBeibi,dadmasterchulo,,itâ€™s ya boi lildaddypapi,6,0,0,en
Thu Sep 24 03:36:08 +0000 2020,1308973465727373312,@FallGuysGame Pendu-log of Doom.,1131361273260773376,Bucky the Gamer Dad,GamerDadBucky,"Florida, USA","Weekly gaming podcast bringing you up to date gaming news, discussion, bad jokes, and a monthly giveaway!",17,0,0,en
Thu Sep 24 03:35:40 +0000 2020,1308973349104648192,@FallGuysGame Bigger Yeetus.,1246378770874814465,Wockâ™¨ï¸ğŸŒ¸ğŸ’Šâ›„ğŸ¾â„,Wock__,,,3,0,0,en
Thu Sep 24 03:35:23 +0000 2020,1308973278602637312,@FallGuysGame Yeetus Deletus,1118372602190422018,Big Boy,BigBoyoBgiB,,big boys do what they want,1,0,0,in
Thu Sep 24 03:34:48 +0000 2020,1308973130363408385,@FallGuysGame DARTH YEETUS,1304901958092951553,Spycrab,Spycrab18,,Crab Crab Crab,3,0,0,en
Thu Sep 24 03:34:16 +0000 2020,1308972998188314630,@FallGuysGame Bean Basher,125871027,GameCore,CodySCM,Tennessee,I combine video games and music. Former Standby Records/Victory Records artist. Southern Gentleman. PSN: CoyoteCupp,963,0,0,en
Thu Sep 24 03:34:15 +0000 2020,1308972989996838912,@FallGuysGame BIG PANA,1201909668953632768,ãƒ©ã‚¦ã‚¿ãƒ­ #Amilcarsemuda,Lautaro9122018,,"Que miras mogolico?
Icon by: @Abalysweet
Twitch: https://t.co/1Zdzqcz3ta",16,0,0,tl
Thu Sep 24 03:34:14 +0000 2020,1308972986607849472,@FallGuysGame Can we just call it the 'WTF?!'?,1074790848938893312,Mark,jagmarkymark,,"I'm still in the prologue, ready to start my story. | The only thing I know is that I know nothing.",4,0,0,en
Thu Sep 24 03:33:57 +0000 2020,1308972917498294274,@FallGuysGame Big basher,1002386111862198272,Mysterymaster,Mysterymaster_,Sample Text,"*insert joke here*

Sfw, just don't go too far into the past.

No, I don't know what you do with a drunken sailor, so stop asking!",17,0,0,en
Thu Sep 24 03:33:49 +0000 2020,1308972882115133440,@FallGuysGame The Tenderizer,108486479,Nick Phelps,SteelWolf89,"San Bernardino, CA",31yo INFP bi male. The next phase of my life will be an adventure with the woman I love & a ton of hard work. After that i'll play whatever cards fate deals me.,93,0,0,en
Thu Sep 24 03:32:57 +0000 2020,1308972664925679618,@FallGuysGame reddit killer 9000,1075664200347869184,squishy,DatSquishyFello,,"hello i like rayman and i like south park and i like drawing but i never do it because i suck h

also i retweet things alot",94,0,0,en
Thu Sep 24 03:31:53 +0000 2020,1308972397467443200,@FallGuysGame Lincoln logger,1295886625101275136,max,max57947818,,Account,0,0,0,en
Thu Sep 24 03:28:28 +0000 2020,1308971536875950083,@FallGuysGame The Crusher,743231962635087873,ELDYLO64,DylanSaunders64,,,17,0,0,en
Thu Sep 24 03:25:25 +0000 2020,1308970771016974337,@FallGuysGame Spiky Roller,2902360853,Quarter,Azeltirish,,,1,0,0,und
Thu Sep 24 03:24:59 +0000 2020,1308970661315043334,@FallGuysGame Kal,869660405211246592,Ian,Ian__Kal,Bed,I donâ€™t have wifi,57,0,0,und
Thu Sep 24 03:24:32 +0000 2020,1308970547993292800,@FallGuysGame Owie Mandel,26863756,Mayor Domino,MayorDomino_,"Washington, USA",[NNID: ABlackMage | PSN: ABlackMage_ | XBL: DJBlackMage | Steam: Mayor Domino],21,0,0,nl
Thu Sep 24 03:23:11 +0000 2020,1308970205352259591,@FallGuysGame Big Floppa,1027694720955371520,"gamer garett, non-offending funny man",gamergarett,"Imperial, MO","if you know, you know",54,0,0,sv
Thu Sep 24 03:22:17 +0000 2020,1308969980587896834,@FallGuysGame Big Yoinkus,1214985074,marsimoo is a septicshitâ³50,Killness99,you'll never not matter to meâœ¨,"can I get a wahoo? | MSU'21 ğŸ’™ğŸ’› | Clarinetist ğŸ¶ | ğŸ³ï¸â€ğŸŒˆ demi/pan poly demiboy enby | 21 âœ¨ they/he | ACAB, BLM | Unus to my Annus ~ @septicrainstorm",461,0,0,in
Thu Sep 24 03:20:54 +0000 2020,1308969630757724164,@FallGuysGame Chonckyroll,563318882,PocketManny,pokemonlover911,"California, USA",Hi Iv'e just been Thinking,45,0,0,fr
Thu Sep 24 03:20:01 +0000 2020,1308969410640650241,@FallGuysGame BIg Bonk Baker,1277983137335820289,Cryystal,CryystalOnYT,Behind You,Editing videos is hard.,7,0,0,sv
Thu Sep 24 03:19:54 +0000 2020,1308969380479471616,@FallGuysGame Big Cleetus,179716009,Colton Michael,Colton41891,903,Kik/Snapchat: Colton41891 Instagram: Colton_Michael,74,0,0,en
Thu Sep 24 03:19:30 +0000 2020,1308969279954526211,@FallGuysGame Lil Yonkus,25303795,ğ•®ğ–ğ–ğ–‘ğ–‰ğ–ğ–˜ğ– ğ•²ğ–—ğ–†ğ–ğ–†ğ–’ğ–‡ğ–ğ–“ğ–”,itsgrahambino,"New Orleans, LA",,142,0,0,ht
Thu Sep 24 03:19:30 +0000 2020,1308969278541045760,@FallGuysGame Roly poly minced meateroli,582902704,âœ¨Mikaela the em:hoe spicy masterğŸŒ™,lovemedeerly,,"Milka, Mix, Girl Michael, whatever. @codyisonline_ is my spirit animal. Long live the fighters/ENFJ/ fuck the bastards #lightsarmy she/her",280,0,0,en
Thu Sep 24 03:19:05 +0000 2020,1308969176464265219,@FallGuysGame No u,1162210075764654081,Smelly Gator,kingAndy___,some heccing prison probably,"he/him, gay probably, okayish artist 
||Good Morning||

|always open to talk if you need it!|
Pfp by @Kanoligatr|",125,0,0,und
Thu Sep 24 03:18:59 +0000 2020,1308969148370878465,@FallGuysGame Karen,1016848429056606209,Taylor,okStrangerLive,,"I like to dress up as Bob Ross and pretend I'm a normal person. Variety horror streamer on Twitch ğŸ’€ Team @vastgg
Business contact: strang3r_dang3r@hotmail.com",7102,0,0,eu
Thu Sep 24 03:16:48 +0000 2020,1308968602612248577,@FallGuysGame Wtf never saw this level lol,1623452580,JackAttack,SychoShadows,,,75,0,0,en
Thu Sep 24 03:16:46 +0000 2020,1308968590457155584,@FallGuysGame Yeetamus Prime,200592106,IAmJimenez,only_atmios,"Clinton, NC",Just a simple guy trying to find his way in life. #MusicIsMyEscape,122,0,0,en
Thu Sep 24 03:16:35 +0000 2020,1308968546404196352,@FallGuysGame Yâ€™all down to play with the boys again? @rixified @xynitic,1121218029235441664,FastWolfYT,fastwolfyt,,Just a kid playing Fortnite.,29,0,0,en
Thu Sep 24 03:16:28 +0000 2020,1308968518076030976,@FallGuysGame Big cletus,1287247468409700352,Cyber7,__Cyber7,,Creator of many wonderful things,1,0,0,en
Thu Sep 24 03:16:18 +0000 2020,1308968474337849344,@FallGuysGame Spike,2647621058,ANOTHER stream soon,ElleinnetGrace,"Melbourne, Victoria","Casual Gamer / Photo Taker / Art Maker // #Twitch Affiliate // Embarrassing myself is a special talent, and Iâ€™m a bit of an overachiever ğŸ¿â™¥ï¸",103,0,0,en
Thu Sep 24 03:16:14 +0000 2020,1308968457896112128,@FallGuysGame Yeetimus Maximus,79947635,Jonny McBee,jonnymcbee,youtube.com/JonnyFX,Songwriter @thebrowningband  / @d3dset - producer - Twitch Partner - Bowling is better than video games - JonnyFX,11569,0,3,in
Thu Sep 24 03:16:13 +0000 2020,1308968455408955392,@FallGuysGame Spiky McSpikeface,705627780499640320,Techless | BLM | Professional Necrobarista Shill,SachiCantTech,"Victoria, Australia",Studying Bachelor of Cell Biology at uni Melbourne. Australian Pokken Blaziken/Smash Rosa player. He/Him. 22. pfp by @yukimori_himeko,1404,0,1,und
Thu Sep 24 03:15:41 +0000 2020,1308968319144415236,@FallGuysGame Squadinator,1277271701374398464,SquadwiPer_Official,SquadwiperO,,"COD mobile Youtuber,I'm legendary In MP since season 1, I make tips and tricks on YouTube,  check it out-https://t.co/wtSogzzLsM",144,0,0,en
Thu Sep 24 03:15:16 +0000 2020,1308968214668496896,@FallGuysGame Big sweepus,1256433954716037121,Eva Szalkai,Eva_Szalkai,,,6,0,0,en
Thu Sep 24 03:14:48 +0000 2020,1308968096124858372,@FallGuysGame Mega yeetus,1278859878258348032,Zach Vinette,Ebic1Za,,Gamer and sports fan. Epic times await us,2,0,0,in
Thu Sep 24 03:14:30 +0000 2020,1308968020488974336,@FallGuysGame Yeetus Deletus,3441197114,Mark Rober,_Mark_Rober_,Kpop? More like Kpoop.,(ã¤ Í¡Â° ÍœÊ– Í¡Â°)ã¤,57,0,0,in
Thu Sep 24 03:13:57 +0000 2020,1308967883481985026,@FallGuysGame I want to narrate some matches? There is a way to do it?,1240048921025622017,Ziervo,Dr_Ziervo,MÃ©xico,"Gamer, Plush Designer, and Entrepreneur.",4,0,0,en
Thu Sep 24 03:13:56 +0000 2020,1308967879510036483,@FallGuysGame BIG SPIKUS,1272439944070365185,Draninja | Silent Glitchy Darkness,DraninjaeOrom,,A mixture of family friendly content and PG13 content I guess,12,0,0,hu
Thu Sep 24 03:13:49 +0000 2020,1308967849419878400,@FallGuysGame The Yeeticus 2000!,885161473,CelticScribe ğŸ‘‘ğŸ³ï¸â€ğŸŒˆ,CelticScribeOK,California,"Fantasy/Horror Author, YouTube/Podcast Story Teller, and Occasional Streamer.",155,0,0,en
Thu Sep 24 03:13:38 +0000 2020,1308967802485735425,@FallGuysGame rolly boy,1229649520264302593,Tyler,TylerBuice52,In the sewers behind Walmart ,boo yah kasha,2,0,0,en
Thu Sep 24 03:12:56 +0000 2020,1308967628153774083,@FallGuysGame yeetus senior,843147708219215873,mako,ilvmako,â˜ ï¸ï¸,I swear to god Iâ€™ll follow @ilvmako,97,0,0,in
Thu Sep 24 03:11:41 +0000 2020,1308967311995473921,@FallGuysGame Lint troller,3063943967,â˜€ï¸ Sinspitterx â˜€ï¸,Sinspitterx,,"Social Media for @Doomtroopergame | Content writer for @CartrdgeThunder | Running @Canyouraisethem  | xâ“‹x | He/Him 
Email: Sinspitterx@gmail.com",529,0,2,sv
Thu Sep 24 03:11:21 +0000 2020,1308967231112478723,@FallGuysGame Yeetus Deletus,741984589,Joel Reutens,MikuNakanoo,Miku's thighs,"â™ª You'll Never Walk Alone â™ª

I'm just a weird human being.

âˆ† Miku Nakano best girl âˆ†

Add me on PSN: MikuNakanoo",94,0,0,in
Thu Sep 24 03:08:40 +0000 2020,1308966554541924352,@FallGuysGame marissa,889607454207598592,doodybeard,doodybeardLIVE,Sort of Seattle,ğŸ˜±THE LOUDEST PARTY ON TWITCH âœ¨@twitch @discordapp Partner ğŸµ@emonitela Seattle DJ ğŸ® VR Horror Backstage Music Variety Channel ğŸ“©realdoodybeard@gmail.com,12751,0,1,fi
Thu Sep 24 03:08:00 +0000 2020,1308966387986161665,"@FallGuysGame ""Pinchos""",879380000901931011,Hugo vergara,Hugover44268714,,,3,0,0,es
Thu Sep 24 03:07:44 +0000 2020,1308966319921016832,@FallGuysGame Chonky Bonkman,807810463,Ronfaure|BLMâœŠğŸ½âœŠğŸ¾âœŠğŸ¿,Mushu_Longfang,United States,"Just a guy who loves games, and life (don't forget about pancakes) Follow me and I'll follow back. Check out my Twitch! #BlackLivesMatter",31,0,0,in
Thu Sep 24 03:07:09 +0000 2020,1308966172034052098,@FallGuysGame Meat grinder,2918561346,Vinc3ntVega,TheVinc3ntVega,United States,"@Twitch partner comedy broadcaster  #vinc3ntvega 

Instagram: https://t.co/zo9FT3Drxb 

Youtube: https://t.co/g2TBJGXqVX

Business: thevinc3ntvega@gmail.com",10676,0,4,en
Thu Sep 24 03:05:06 +0000 2020,1308965657824829440,@FallGuysGame Ooh it's Lady Squish Squash.,1110440276969943040,Plastic Hearts Podcast ğŸ® ğŸ‡ºğŸ‡² ğŸ‡²ğŸ‡½ ğŸ‡¬ğŸ‡§,PlasticHeartPod,"Yakima, WA","Gaming News Podcast/ Indie Dev Interviews 
iTunes: https://t.co/WBoyxvKLvu
Spotify: https://t.co/0HOhuPO91t
Youtube: https://t.co/PxJ1OwBUcO
PlasticHpod@gmail.com",346,0,0,en
Thu Sep 24 03:02:40 +0000 2020,1308965045058101249,@FallGuysGame Death Yeetus,743241328172077056,ğŸ³ï¸â€ğŸŒˆğ“ğ“·ğ“°ğ“®ğ“µ ğ““ğ“¾ğ“¼ğ“½ ğŸš¬,Im_C_,United States (Hell),"ğ™¸ ğšğš˜ ğšğšğš’ğšğšœ ğšŠğš—ğš ğšŠğš›ğš ğš˜ğšŒğšŒğšŠğšœğš’ğš˜ğš—ğšŠğš•ğš•ğš¢.
ğ– ğ™°ğš—ğšğšğš• ğšœğšŠğš¢ğšœ: ğŸ“ğŸ•´ğŸ½

ğ– Æƒuá´‰zÉÉ¯É ÇÉ¹,noÊ sá´‰É¥Ê‡ Æƒuá´‰pÉÇÉ¹ É¹noÊ ÉŸá´‰",51,0,0,en
Thu Sep 24 03:02:23 +0000 2020,1308964972051853317,@FallGuysGame The Bean Grinder...obviously,1035643277943300097,WaRRior_F13,warrior_f13,"Beautiful, Wet, Western WA, US",Twitch Affiliate | World of Warcraft #FactionlessRogues #Lorecaster | Toddler Victim ğŸ¤£ | Machinist | ğŸ· Dabbler,113,0,0,en
Thu Sep 24 03:01:13 +0000 2020,1308964678232571904,@FallGuysGame Log Flog,1267664134436519936,Robbie,realrobbieb,,he/his/him,43,0,0,en
Thu Sep 24 03:00:16 +0000 2020,1308964440877027328,@FallGuysGame Big Chungus,604232209,Captain ReptileTTV,captreptile,United States,"Ahoy there! Call me Reptile!

 Twitch Affiliate!

@Twitch Streamer* Come Hangout!
https://t.co/VqjVmaO04K",127,0,0,tl
Thu Sep 24 03:00:10 +0000 2020,1308964413110513664,"@FallGuysGame Cletus Deletus

That would be an epic name for something like that",2395575625,Christopher ğŸ‘‘,blinvir,,"Work .. Work ... Games. .. Work .. Puzzles

CashApp.  $blinvir",43,0,0,en
Thu Sep 24 03:00:06 +0000 2020,1308964398615195649,@FallGuysGame @dadou1404 @bandedinculte @reltoxx,880375623335784448,ğ–„ğ–šğ–“ğ–Œğ”›ğ–—ğ–ğ–˜ğ–™ ğ–¤ğ“‚€ğ“…•,KillYourselfP3,En enfer ,EclatÃ©eeeeeeeeeeeH,35,0,0,und
Thu Sep 24 02:59:36 +0000 2020,1308964272777691139,@FallGuysGame Wheel of yeetos,1253357999076368386,The Superhand,superhand966,handland,second account of the legend / call me hand if you wanna / xenoblade chronicles best game / https://t.co/FdaDTBPCMc,37,0,1,en
Thu Sep 24 02:59:29 +0000 2020,1308964240921899009,@FallGuysGame Daddy LongYeets,3306372712,Sebastianhausen,RivalPeterson,,no,272,0,0,tl
Thu Sep 24 02:59:19 +0000 2020,1308964199674966016,@FallGuysGame big ass log,1122395456498094083,Internut,The1nternut,Here,fucking fuck man fuck,30,0,0,en
Thu Sep 24 02:59:06 +0000 2020,1308964147867144192,@FallGuysGame Pokey Rollingtons,37229679,ğŸ‘‘CocoağŸ‘‘,OhNoItsCocoa,"Dayton, OH","Twitch Affiliated Charity Streamer |
Husband|
Dad|
Gameboy obsessed|
Speedy rewards card member |
Business Inquiries- ohnoitscocoagaming@gmail.com",1210,0,0,en
Thu Sep 24 02:58:52 +0000 2020,1308964088127664129,@FallGuysGame Yeetus II,1266581862924914695,The Guy,pepsimanhours,"Onett, Eagleland","Hey there, Iâ€™m Will Smith. I hope you enjoy my page, because itâ€™s the only one that will ever be me. No affiliation with that actor guy",4,0,0,in
Thu Sep 24 02:58:40 +0000 2020,1308964037678555138,@FallGuysGame Spike yeetus,490918991,Brandi.,brandiibobandy,NY,$brandibobandy,73,0,0,en
Thu Sep 24 02:58:00 +0000 2020,1308963867918098432,@FallGuysGame BITCH. WHAT.,226444488,its the brows for me,friida_lucia,"Tucson, AZ",ğŸ˜Œmake do with whatcha got and what youâ€™re building âœ¨ (she/her/they/them) ğŸ’–ğŸ’– areyoubookingme@gmail.com,281,0,0,en
Thu Sep 24 02:53:22 +0000 2020,1308962702631604225,@FallGuysGame Big tendy,2992899247,Nolan,nolanwhite_CX,6ft. underground,profile picture by @mmoosedraws,118,0,0,en
Thu Sep 24 02:53:05 +0000 2020,1308962631630422016,@FallGuysGame Kneecap crusher,1201681958901895168,I Post Random Things,idkwhattopostha,PooPoo Creek,"I post random things; Memes, Switch captures, random videos, and why nots, Just enjoy your stay.",2,0,0,en
Thu Sep 24 02:52:53 +0000 2020,1308962580715769857,@FallGuysGame Is this that Among us game people are talking about... /s,1254499213100175361,OI JOSUKE,Duck44047003,Morioh,OI JOSUKE,12,0,0,en
Thu Sep 24 02:52:51 +0000 2020,1308962573442670592,@FallGuysGame Yeetus Deletus,1154202085962838016,Choboy,choboy46,,,16,0,0,in
Thu Sep 24 02:52:50 +0000 2020,1308962567486832640,@FallGuysGame Big beefus,987823504484651009,Cocoa,CocoaFrog_,,"What can i say, i like video games.",4,0,0,en
Thu Sep 24 02:52:46 +0000 2020,1308962551343050760,@FallGuysGame Rollie Trollie,3013555384,Fall Guy 1444,ClayWeinhauer,,,135,0,0,nl
Thu Sep 24 02:52:35 +0000 2020,1308962507307061250,@FallGuysGame George,797672269,Vipes,vipespienaar,,I'm that guy that does things.,69,0,0,en
Thu Sep 24 02:52:17 +0000 2020,1308962431599702016,@FallGuysGame Thicc spike boi,887499132,Pobble/Pobby,RobertRichtofen,Icon: daxdrawsthings,Twitch mod 4 @fusaah @mduck_1 and others for fly north studios 22 CIS str8 man. I'm currently obsessed with R6S. I was correct about the dress being blue/black,155,0,1,en
Thu Sep 24 02:51:34 +0000 2020,1308962248807731200,@FallGuysGame looks like the log from @ClashRoyale,472591792,zach,Serilumm,Canada,ğŸ‘‡ğŸ»ğŸ˜³ğŸ‘‡ğŸ»,331,0,0,en
Thu Sep 24 02:51:18 +0000 2020,1308962184228077568,@FallGuysGame YE OLD YEETUS!,3121134992,Zeta the Joker Mutt,Kavikshadowfang,"California, USA","Just your average friendly Joker Mutt, who loves WoW ~For the Horde, LOK'TAR OGAR! #Warcraft #Forthehorde.",119,0,0,en
Thu Sep 24 02:50:04 +0000 2020,1308961874743037953,@FallGuysGame Road Rolla Da,1167887223448121344,Scott â™¡,Itz_Sc0tt_v2,My Bedroom,Pansexual ğŸ³ï¸â€ğŸŒˆ | Furry ğŸ˜º | Gamer ğŸ‘¾ | AntiZoo Î¶âƒ  â€¢ Use code ITS-SCOTT in the FN item shop plz â€¢ They/Them pronouns,264,0,2,et
Thu Sep 24 02:49:34 +0000 2020,1308961747940921344,@FallGuysGame Yeetus McYeetusface,1245367614118952960,Greatwanni,Greatwanni1,,A gamer who games. Enjoy all kinds of games and I even dabble in speed running.,12,0,0,et
Thu Sep 24 02:48:30 +0000 2020,1308961480625336321,@FallGuysGame Giant Cleetus ğŸ¤” âš½ï¸,1288116315698257931,Kittles(Kit),KptKittle,,"epic failing courtesy of my amazing gamer skillz ğŸ˜œ hope you enjoy! gaming everything on all platforms, mostly fortnite.",116,0,0,en
Thu Sep 24 02:46:53 +0000 2020,1308961073135980544,@FallGuysGame Call it the â€œoh get fuxkedâ€ cause Iâ€™ll definitely be telling that every time I get hit,285852504,WildePixel,Wilde_pixel,Australia,Twitch affiliate https://t.co/ppXAW0HnZw Playing games badly and sometimes drawing. If interested in commissions please email: Lwilde589@gmail.com,734,0,0,en
Thu Sep 24 02:46:36 +0000 2020,1308961002042527747,@FallGuysGame cleetus,1277264270900686849,dannier hates life,danniertweets,"Hanoi, Vietnam","I live in Vietnam and i'm below the age of 100.
(roblox: endblox2018)",1,0,0,en
Thu Sep 24 02:45:31 +0000 2020,1308960728318177283,@FallGuysGame Yotus the Elder,91038104,Gram,destroya7331,"Iowa City, IA",I do what you won't today to do what you can't tomorrow,29,0,0,en
Thu Sep 24 02:43:06 +0000 2020,1308960121293344768,@FallGuysGame The games dead lol,1287780763488980997,Aurun Bhattarai,AurunBhattarai,,BarcelonaFC/WestHamFC,3,0,0,en
Thu Sep 24 02:42:33 +0000 2020,1308959980410859520,@FallGuysGame Spiky Mikey,1187512894335979520,Jake Watson,SleepySheepy22,,,1,0,0,und
Thu Sep 24 02:42:30 +0000 2020,1308959968796835840,@FallGuysGame Big Swingus,978110084160122881,EpicGuyGamer,TheRealEpicGuy1,,"I donâ€™t even know why I go on Twitter, but I can say that Iâ€™m a guy.",5,0,1,en
Thu Sep 24 02:41:11 +0000 2020,1308959637970890752,@FallGuysGame Bonk Bungus,89426318,EggsD,EggsDKevin,,"a fellow smash player. Variety streamer. A goon

arrazzan@gmail.com
https://t.co/0H6jIS1i9v",143,0,0,in
Thu Sep 24 02:41:02 +0000 2020,1308959599656042497,@FallGuysGame Swiss Army Roll,1102004915705126917,giraffeofbetrayal ğŸ‘‘,wrathofgiraffes,,Aro/Ace. Anime fan. Frequent guest host on @MHAPod and @Dr_Stone_Pod. Member of @JamminWeeb. Beyond amateur artist.,228,0,0,en
Thu Sep 24 02:40:46 +0000 2020,1308959533390336000,@FallGuysGame SWOL ROLL,32586612,TheInagaki,TheInagaki,"Cary, NC",,206,0,0,en
Thu Sep 24 02:39:56 +0000 2020,1308959324891418631,@FallGuysGame Biggus Stickus,2944371,Joop Kiefte,LaPingvino,#geo9f4743,"Former president of @tejoesperanto, board member of BahÃ¡'Ã­ Esperanto League, laboras pri la plibonigo de la mondo, monda paco kaj unueco/unuiÄo. Any pronoun.",849,0,0,en
Thu Sep 24 02:39:37 +0000 2020,1308959241898807296,@FallGuysGame Swingy king,351800905,D,_dgilbert,,,413,0,0,en
Thu Sep 24 02:39:19 +0000 2020,1308959169307971589,"@FallGuysGame The ""oh no"" is all I see",788527902824333312,ğŸ‘,From_erin_,"Texas, USA",Trying to like Twitter.,71,0,0,en
Thu Sep 24 02:36:44 +0000 2020,1308958516200304641,@FallGuysGame DELETUS,1283932866884272128,Chips,Aulus79,,Just here to look at stuff,1,0,0,lt
Thu Sep 24 02:36:27 +0000 2020,1308958448172687360,@FallGuysGame Spikey boi,78568513,Tristan,Taskinoz,,"Developer of the GDQ Donation Generator, Speedrunner, Web Developer and Streamer https://t.co/2J1E7B0BXM",368,0,0,en
Thu Sep 24 02:35:58 +0000 2020,1308958323362926597,@FallGuysGame The Krunchyroll; sponsored by @Crunchyroll,335124453,Chris Reed,MeNoReedGood,"Augusta, GA, USA","Work smart, then hard. University of Georgia alum. Tactics and Techniques. @CreedsoClutch",365,0,0,en
Thu Sep 24 02:34:34 +0000 2020,1308957973671223298,@FallGuysGame Sir Rollings of Yeet-shire,431368850,Cameron Lazear,Tree_Cameron,,Tree pretending they can be a person. He/Him They/Them,82,0,0,en
Thu Sep 24 02:34:34 +0000 2020,1308957972299526144,@FallGuysGame Chonky G E A R,4900057267,crxd,flamemca_hhh,Location,i read stuff,36,0,0,en
Thu Sep 24 02:33:51 +0000 2020,1308957792427036673,@FallGuysGame Yig beatus,976218872658489344,MotherğŸµMonkey,MuthahMonkey,,"Twitch Affiliate, WoW Chimpion, Gaming God, Mother of Monkeys, Bringer of BananasğŸŒğŸŒğŸŒ",61,0,0,en
Thu Sep 24 02:33:02 +0000 2020,1308957588420165633,@FallGuysGame Big cletus. Because it cleaves through fall guys.,1224133150235877383,Brett Wefel,BrettWefel,,,1,0,0,en
Thu Sep 24 02:31:52 +0000 2020,1308957292969164800,@FallGuysGame Oops they will hurt cute jelly beans,933558903178117121,Ajit Kulkarni,AjitKulkarni99,"à¤®à¤¹à¤¾à¤°à¤¾à¤·à¥à¤Ÿà¥à¤°, à¤­à¤¾à¤°à¤¤",JUST A GAMER,14,0,0,en
Thu Sep 24 02:31:43 +0000 2020,1308957253391671296,@FallGuysGame Sir logger,1244475065422376960,Pless,Aceofpless,"Oregon, USA",,9,0,0,en
Thu Sep 24 02:30:56 +0000 2020,1308957057597362177,"@FallGuysGame The Big Timmy

Because of @timthetatman https://t.co/bkVUW2pUwC",2171300226,Asteriskos,Asterisk_os,"California, USA",I've done Art for someone with a net worth of 7.7Mil... actaully not a Kapp,63,0,1,en
Thu Sep 24 02:30:25 +0000 2020,1308956927641051138,@FallGuysGame ( Ë™á·„á»Ë™á·… ) áµ’áµáµ áµáµáµ https://t.co/KnLo8pESTp,1052943477321883649,ã‚‚ã”,BBA_Mogochan,,é…ä¿¡ã—ã¦ã¾ã™ã€‚,94,0,0,und
Thu Sep 24 02:28:36 +0000 2020,1308956469119848449,@FallGuysGame Name it the Colossal Catapult.,1247705036072910848,FortPureL,fort_pure,,Hi. I am someone,7,0,0,en
Thu Sep 24 02:28:34 +0000 2020,1308956462681436161,@FallGuysGame Big Rolla,2210005850,Predepression ğŸ’,TVPredepression,Australia,"AU Fortnite Player (20) F/A
7th in the AO Summer Smash 2020 SOLOS",2340,0,1,sv
Thu Sep 24 02:28:05 +0000 2020,1308956340967137282,@FallGuysGame Big Yeetus and Big Deletus,953922949337288705,Jacob Savage,savageman92,"Madisonville, TX","Lead at @qoolaid_gaming
YouTube: Qoolaid Gaming",60,0,0,en
Thu Sep 24 02:27:45 +0000 2020,1308956258825728005,@FallGuysGame Oh no,2205075097,MullyMolly,MullyMolly_,Australia,âœŠğŸ¿BLM ğŸ³ï¸â€ğŸŒˆCreative alienâ€¢NğŸ She/They,91,0,0,en
Thu Sep 24 02:27:39 +0000 2020,1308956230614827008,@FallGuysGame Lil Cleetus,869351174088007681,ğŸ‡®ğŸ‡ª Irish ğŸ‡¨ğŸ‡¦,ThatIrishDM,"19 Y/O, He/They/Whatever Works",Gamer || Falco/Daisy/DK Main,42,0,0,en
Thu Sep 24 02:27:10 +0000 2020,1308956111672811520,@FallGuysGame Nancy,3184648632,LETTUCE BOY,ScaredOfLettuce,,,120,0,0,en
Thu Sep 24 02:26:44 +0000 2020,1308956000620294144,@FallGuysGame Rip and Tear,875726514456858624,Tara,TaraToTheMax,Hell ,I like memes and art. | Trans Fem | Pan | Looking for friends | BLM!,37,0,0,en
Thu Sep 24 02:25:58 +0000 2020,1308955806126297090,@FallGuysGame Take out tail tag!!!!!!,1096861601016266752,JBlake,JBlake_Jackson,,,2,0,0,en
Thu Sep 24 02:25:31 +0000 2020,1308955695467974656,@FallGuysGame Big Destroyus,1272316984529747968,Lorenzo,OjamaMaster,,Three Time Video Game Master,1,0,0,ca
Thu Sep 24 02:24:27 +0000 2020,1308955428248866817,@FallGuysGame Norman Reedus,14328290,Collin âœŠğŸ»âœŠğŸ¾âœŠğŸ¿âœŠğŸ½âœŠğŸ¼,trivialattire,"Minneapolis, MN","Memento mori, fursonafied.",990,0,0,et
Thu Sep 24 02:23:34 +0000 2020,1308955204973473793,@FallGuysGame Big spikey swoosh,3300364865,JonahGuy,BurnisonJonah,,I like drawing and my friends :) Go follow me on Instagram - @bwapin_arts,56,0,0,en
Thu Sep 24 02:23:05 +0000 2020,1308955082336026630,@FallGuysGame Thicc bonkus,1113497161382203392,Titus,Titus35346224,,"eh
i am 18 and its weird",9,0,0,et
Thu Sep 24 02:22:53 +0000 2020,1308955033099100160,@FallGuysGame the giant enemy yeetus,1211885086951346177,senko san,crohasit2,UwU town,i hate life,11,0,0,en
Thu Sep 24 02:21:32 +0000 2020,1308954691854893056,@FallGuysGame The chilly chungus,447649354,Devin roopnarain,TurbosnipeOne,USA,"I love gaming and play a wide variety of titles
 ğŸ“¹ğŸ–±âŒ¨ I also stream part time on https://t.co/MENNiMpNtZ
Come by and say hi!",138,0,0,en
Thu Sep 24 02:20:52 +0000 2020,1308954525823365120,@FallGuysGame Spikey boi,795553194063564800,Panduh ğŸ,QueenPanduh,"Dunedin, FL",Twitch Affiliate|Cat Lover|Floridian,244,0,0,en
Thu Sep 24 02:20:09 +0000 2020,1308954346172932101,@FallGuysGame Big Zaddy,894291766723178498,Khaotic03,Khaotickorndog0,"United States of America, USA",The YouTuber Khaotic03 and the streamer Khaotickorndog,15,0,0,en
Thu Sep 24 02:19:55 +0000 2020,1308954285439418369,@FallGuysGame THE BIG BEAN,1051322545981538304,Princess Irene,_PrincessIrene_,USA,"""Someone in chat""",69,0,1,en
Thu Sep 24 02:19:03 +0000 2020,1308954065993375746,@FallGuysGame Enormous Cleatus,1222873819699982337,Rawr,Rawr_79,"Pennsylvania, US",Moderate to a fault. Does not put up with lies and excuses. Expects everyone to be their best selves for the common good. Does not neatly fit into any box.,12,0,0,en
Thu Sep 24 02:14:20 +0000 2020,1308952881962209282,@FallGuysGame @DrewSparkR6 @ToKacey dear god,1095758687547740160,JenpaiğŸ¾,CarrymeJenpai,"Maui, HI",Streamer 4 @AmarokEsports ğŸº â€¢ GM of USAE R6 Team â€¢ H20 Polo Coach ğŸ¤½ğŸ» â€¢ XB1 Duo: @ImCFreeland âœ¨ â€¢ ğŸ‘‘: @R6Galene â€¢ Duo: @DrewSparkR6 ğŸ¤  â€¢ BFF:@paperboyace1,1484,0,1,en
Thu Sep 24 02:14:17 +0000 2020,1308952865680109568,@FallGuysGame Lady Grater,1168377522217611264,Joe Castinado,CastinadoJoe,"Brooklyn, NY","He/Him â€¢ Actor â€¢ Director â€¢ Conductor
I love my dog more than almost any other person on this planet. I never say no to food.",52,0,0,en
Thu Sep 24 02:13:21 +0000 2020,1308952632417906688,@FallGuysGame Big daddy,775041421468311553,RayLow92,RayLow92,"Los Angeles, CA",ğŸš§QuarantinedğŸš§ & ğŸ”¥currently on fireğŸ”¥,47,0,0,en
Thu Sep 24 02:13:06 +0000 2020,1308952569797017600,@FallGuysGame The Deleteus,4502048113,Bian (Bi Ryan),Dark_Dashing,"Franklin Square, NY",Professional cinnamon roll protector. bisexual on main. 19/ANY PRONOUNS OKAY! PFP by @spellaroo and the banner was done by @hellodenihere!,90,0,0,en
Thu Sep 24 02:11:57 +0000 2020,1308952279236653057,@FallGuysGame The Scrambilizer,397881560,Kevlar,Dr_Kevlar,Ohio,I am Batman,18,0,0,en
Thu Sep 24 02:11:25 +0000 2020,1308952146696691713,@FallGuysGame @SlimJim Roli Long Boi,1258436954225618944,riley,arileywells,,no culture left,14,0,0,in
Thu Sep 24 02:08:34 +0000 2020,1308951429801967617,@FallGuysGame Big rollie,432665925,ICN Joshua_Eardley,joshua_eardley,"Pwllheli, Wales",if you are Shaun I love u donâ€™t read this. streamer for @inception_org. F/A. business email: just ask #JuggieForLife #EFC,420,0,0,en
Thu Sep 24 02:08:12 +0000 2020,1308951338341085187,@FallGuysGame The LongRun.,1295366656827498499,SpitefulWolf,AAAAHHHHHHH101,,Just some pleb who likes games and drawing.,1,0,0,en
Thu Sep 24 02:07:52 +0000 2020,1308951253750145033,@FallGuysGame The Spike-inator,3092685455,alex hughes,alexhughes921,,,11,0,0,en
Thu Sep 24 02:07:51 +0000 2020,1308951247312035841,@FallGuysGame BIG CLEETUS,27582790,Nick Kurkjy,nkurkjy,"Boston, MA","Healthcare, tech, and sports junkie. Constantly learning, always up for a debate. Whisk(e)y lover",138,0,0,en
Thu Sep 24 02:07:47 +0000 2020,1308951231566696449,@FallGuysGame But what about Xbox release,1008248288896868352,Trilo | #FaZe5,SubToTrilo,BOOM,Designer | Content Creator | Son Of @Stuccoman1 | @TeamAeries | #FaZe5 #FaZeUp,527,0,0,en
Thu Sep 24 02:06:54 +0000 2020,1308951010304499712,@FallGuysGame Lil Cletus,72431698,Dawin Vera,dawinvera,,00,55,0,0,en
Thu Sep 24 02:06:33 +0000 2020,1308950922651930624,@FallGuysGame chungcrankus,2212124287,Masu Gaming (is making a podcast),Masu_Gaming,"New York, USA",Streamer | Former Production Manager @waypointgny | Cosplayer | Business email: mgamingttv@gmail.com,244,0,0,de
Thu Sep 24 02:05:18 +0000 2020,1308950608838373382,@FallGuysGame Spikeus,1291595163207376896,Bubbalou,Bubbalou_gamer,,check out my latest video https://t.co/rym9O3ORD4,10,0,0,en
Thu Sep 24 02:04:34 +0000 2020,1308950422078586880,@FallGuysGame Big smeetus,1253804327732498437,gustavo,gustavo87468520,,I smoke weed,3,0,0,en
Thu Sep 24 02:04:26 +0000 2020,1308950388582875143,@FallGuysGame Spikey Mikey,452811749,King Cold,HIDEYOUREALNAME,Tartarus,Royalty. $GreatKingCold,133,0,0,en
Thu Sep 24 02:03:56 +0000 2020,1308950264884461571,"@FallGuysGame Wide Cleatus.
Cuz the spikes look like Cleats.",1275930202573606912,Ronan,yourgod2elecboo,,"Yo wazzup, name's Ronan. I guess I run @REDHeavyReal too. I play many games. Mostly TF2. And I draw.",117,0,0,en
Thu Sep 24 02:03:03 +0000 2020,1308950039981682693,@FallGuysGame The bean grinder.,262419895,Mason Terrill,Kinky_Wizards,Eugene Oregon,,19,0,0,en
Thu Sep 24 02:02:54 +0000 2020,1308950004644667394,@FallGuysGame John,602791791,Navarritus ğŸ‘‘,Navarritus,,"20. Antes solÃ­a tener imaginaciÃ³n. 
Di Caprio sigue siendo el puto amo",63,0,0,en
Thu Sep 24 02:02:49 +0000 2020,1308949980900732934,@FallGuysGame YIG BEETUS,983247926230106112,Silly,SillySpaceGoat,,Crab Champions Pro and THE best Viper one trick in Valorant ğŸ™ƒ see for https://t.co/SuiWeroblQ,59,0,0,en
Thu Sep 24 02:02:46 +0000 2020,1308949968476991488,@FallGuysGame Roller Thrower,1205352714714009601,AJ COOL,AJCOOL78714743,,,2,0,0,en
Thu Sep 24 02:02:43 +0000 2020,1308949954950389760,@FallGuysGame destroy beancrasher,1186690413190504448,ã‚Œã„ã‚‹ã„,Reirui_5150,å°ç£,"ã€ãƒãƒ ã‚¹ã‚¿ãƒ¼ã€ãµã‚ãµã‚å‹•ç‰©ã€‘
ã€ã‚ã‚“ã‚¹ã‚¿ã€‘Edenã€æœ”é–“å…„å¼Ÿæ¨ã— 
ã€æ–‡ã‚¢ãƒ«ã€‘æµ·å¤–å¸æ›¸
ã€sdoricaã€‘ãƒ¢ãƒªã‚¹ã€ã‚¨ãƒªã‚ªã€ãƒ€ã‚¤ã‚¢ãƒŠã€ãƒ¬ã‚¤ã‚¶ãƒ¼æ¨ã—
ã€é¬¼æ»…ã®åˆƒã€‘ç¾©å‹‡ã€éŒ†å…ã€ã‹ãªã‚’æ¨ã—ã€‚ãã‚†ã—ã®ã€ã•ã³ãã‚†ã€ã•ã³ã¾ã“ã€‚

æˆå¹´æ¸ˆã¿ã€ç„¡è¨€ãƒ•ã‚©ãƒ­ãƒ¼ã§ã™ã¿ã¾ã›ã‚“",45,0,0,en
Thu Sep 24 02:02:27 +0000 2020,1308949891306135554,@FallGuysGame Big Yeetus 2: The Electric Boogaloo,1102638275918000128,â˜½ âš¬ ğ’Ÿğ‘’ğ“‹ğ‘œğ“ƒ âš¬ â˜¾ loves katie || 12:00,Tsuki_Hue,under the weight of living,"ğ•€ ğ•’ğ• ğ•™ğ• ğ•ğ••ğ•šğ•Ÿğ•˜ ğ• ğ•Ÿ, ğ•šğ•Ÿ ğ•¥ğ•™ğ•– ğ•“ğ•’ğ•”ğ•œ ğ• ğ•— ğ•ğ•ª ğ•ğ•šğ•Ÿğ•• ğ•—ğ• ğ•£ ğ••ğ•–ğ•’ğ•£ ğ•ğ•šğ•—ğ•–. she/her                     was @FoxyLadle",30,0,0,en
Thu Sep 24 02:02:22 +0000 2020,1308949870305325056,@FallGuysGame You should call it Norman.,2848619868,BiGBY,BigbyTV,New Zealand,"your friendly neighbourhood asexual

he/him",63,0,0,en
Thu Sep 24 02:02:12 +0000 2020,1308949828949417984,@FallGuysGame Spiky boi,1251728523624165377,Official_RMGacha,ORmgacha,,Official twitter for Randommasters Gacha!,1,0,0,und
Thu Sep 24 02:00:22 +0000 2020,1308949365155860480,@FallGuysGame Big Spikus,891385696342224896,burntpopcorn,burntpopcorn27,Ehsisnksnsj,elsjjwudhdikdduudkdk,5,0,0,hu
Thu Sep 24 01:58:59 +0000 2020,1308949016869244929,@FallGuysGame Mercy Bois,1262535972,Just Kayla. Nothing â–‘ğ“¯ğ“ªğ“·ğ“¬ğ”‚ â–‘,kayla_cooney,"Mount Pleasant, MI","She/Her/Hers â€¢
Writing, Video, Design, Photography â€¢
Mount Pleasant, MI",282,0,0,fr
Thu Sep 24 01:57:50 +0000 2020,1308948727869009920,@FallGuysGame Now those are the maps we all love,4116906554,Fuzzy Panda â­•ã€°â­•ğŸ†’ğŸ¼,TheFuzzyPanda,,Panda furryğŸ¼ Nerdy and geeky as fuck. ğŸ–¥ğŸ–±Gamer. Used to stream on twitch. Active in various fandoms. No suit yet. 30s greymuzzle. NSFW and SFW content.,164,0,0,en
Thu Sep 24 01:57:38 +0000 2020,1308948677965295617,@FallGuysGame Twirly of terror,1305505383532945409,fearbringer7,fearbringer7,,,3,0,0,en
Thu Sep 24 01:57:21 +0000 2020,1308948604988452864,"@FallGuysGame It is the lord of squashing Beans, Lord Beanus Mashimus @FallGuysGame #MashDemBeans",174152330,Kazel WoodğŸ‘‘,kazel123,"seattle,wa",,164,0,0,en
Thu Sep 24 01:57:19 +0000 2020,1308948598638419969,@FallGuysGame Big rolling thing,1290152489954623488,Redthing232,Steve28887951,,I like memes and video games,1,0,0,en
Thu Sep 24 01:56:33 +0000 2020,1308948403053887493,@FallGuysGame @Desterix_452 ?,873866233338187776,Orange,Anrandomword,New Zealand,Why are games so hard?,14,0,1,und
Thu Sep 24 01:56:05 +0000 2020,1308948287345569792,@FallGuysGame Yeetus deleetus,52514656,Cory James,Mecabeast,"Columbus, OH","28, bachelors of mathematics, avid gamer and anime lover.",172,0,0,in
Thu Sep 24 01:55:52 +0000 2020,1308948233092239363,@FallGuysGame Biggis yeet,1020468029862313984,GoldenOs,GoldenOs_,,The Yeetinator3000,13,0,1,en
Thu Sep 24 01:55:13 +0000 2020,1308948070483230723,@FallGuysGame @emilianohc1,755817848740519936,Santiago Valladares,elvallacar,"Benito JuÃ¡rez, Quintana Roo",404 Error,16,0,0,und
Thu Sep 24 01:54:01 +0000 2020,1308947768795422722,@FallGuysGame THICC YEETUS,1009156636957650946,wolf haley #lljw,carter_kasen,Furry town,whyâ€™d I post fortnite cringe on here?,9,0,0,en
Thu Sep 24 01:53:40 +0000 2020,1308947678395392001,@FallGuysGame Burryeeto,23605032,Paul Velleux,porchfire,"San Francisco, CA","Father, husband, artist, dork",91,0,0,tl
Thu Sep 24 01:53:33 +0000 2020,1308947650843152387,@FallGuysGame Aunty Bertha.,3306510380,EpicFlyingHorse,EpicFlyingHorse,New Zealand,Youtuber/Streamer/Loser. Sponsored by @JBLQuantumANZ,638,0,0,en
Thu Sep 24 01:52:15 +0000 2020,1308947322500333569,@FallGuysGame Deathro,1299115596,Sean,TowerGuardGames,Edmonton,"Indie board game studio. Worked w/ Sega, Konami, IDW, & Cryptozoic. Sonic the Hedgehog: Crash Course is a hit! Super Bomberman R: Blast Tactics coming soon!",1392,0,0,en
Thu Sep 24 01:51:59 +0000 2020,1308947256440168448,@FallGuysGame spiky boi,1004882177434226688,ltnâ€™s hot dog ğŸ‘‘,phoenix4_,ur mom,i have a youtube channel. check it out :)  https://t.co/mfiabII0aa,139,0,0,und
Thu Sep 24 01:51:34 +0000 2020,1308947148919234561,@FallGuysGame Big chungus,1264470802784714752,Thanos Ela 2.22,thanosela2_22,,Feliz Jueves!,2,0,0,tl
Thu Sep 24 01:51:04 +0000 2020,1308947026911125506,@FallGuysGame Yeeter Beater,1227889666873053185,WiggleAndWin,AndWiggle,,,3,0,0,en
Thu Sep 24 01:50:59 +0000 2020,1308947005885030400,"@FallGuysGame WHAT THE FUCK IS THAT?! New friend?! That looks like Big Yeetusâ€™ fucking big ass cousin, Yeetimus: The Conquer.",359132636,"Nate ""Not Up to Dick"" Morris",xRenegade4Lifex,Indiana,"Video Game Nerd | Marvel/DC Junkie | Pro Wrestling Fan | Twitch Streamer | Guy who loves making people laugh | ""Live simply so others may simply live.""",680,0,0,en
Thu Sep 24 01:50:38 +0000 2020,1308946915598499841,@FallGuysGame That's Kevin,3137761720,Undead Canadian ğŸ’€ğŸ‡¨ğŸ‡¦,Brendan_Undead, The Undead Nation,You know? Canadian but Undead! Join the Undead Nation! [HU 4 Life] [Small Twitch Streamer] [Autistic & Proud Since 2000],254,0,0,en
Thu Sep 24 01:50:25 +0000 2020,1308946860539875330,@FallGuysGame Yeeticus,1301684224148242434,Symmantrix,symmantrix,Canada,YouTube content creator |  Instagram: @Symmantrix | Business Inquiries: symmantrixbusiness@gmail.com | https://t.co/oIg7GdJ5be,1,0,0,en
Thu Sep 24 01:49:53 +0000 2020,1308946728264101888,@FallGuysGame Holy Fuck,1110103694446518272,ris,mh_z0725,she/her,im not actually dumb guys pls,9,0,0,en
Thu Sep 24 01:49:12 +0000 2020,1308946555311927298,@FallGuysGame Big Yeetus And Spike Flinguus,923821042438729728,ooxANTIHEROxoo,ooxANTIHEROxoo,,,1,0,0,et
Thu Sep 24 01:48:33 +0000 2020,1308946393013387265,@FallGuysGame Long yeetus,882006730296758274,Anton Martin,lilT2929,United States,Sports Music Gaming Arts Arts Games DIY & Home Fun Memes Trending,1,0,0,in
Thu Sep 24 01:47:23 +0000 2020,1308946097058971648,@FallGuysGame The Yeeter,1245845442593583104,Mr.Meowser06,Meowser06,,"I'm a small youtuber Mr.Meowser06, and now I have a twitter!",2,0,0,en
Thu Sep 24 01:47:06 +0000 2020,1308946025470664706,@FallGuysGame deez nuts got em,1281604859783983104,@TheMonka'y_Boss,MonkeybananaAAH,,"Most charismatic monkey on twitter & online personality 
*not british",220,0,0,en
Thu Sep 24 01:46:20 +0000 2020,1308945832410980352,@FallGuysGame Mega Deletus,1267981118961094656,Matthew,Matthew55241279,,,0,0,0,et
Thu Sep 24 01:46:15 +0000 2020,1308945810940456962,@FallGuysGame Shmeat Roller,378813127,Devin,OceanicPulse,,,194,0,2,en
Thu Sep 24 01:45:42 +0000 2020,1308945673467944961,@FallGuysGame Dolly boi,1251435658175897601,GigaGamer,LigmaFunmy,,Despite my name I am a smash enthusiast.I main Wolf,4,0,0,en
Thu Sep 24 01:45:08 +0000 2020,1308945530068897794,@FallGuysGame Potato masher,1214896327643029504,Void Man,ChefGustapo,"Oklahoma, USA",I eat the livers of Twitter | Proud guisto of the Ham Mafia | Minor | art acc @ChefsArt1 | Used to be Chef Gustapo,219,0,0,en
Thu Sep 24 01:44:42 +0000 2020,1308945424611520512,@FallGuysGame The pog pounder,935339244435968002,r3bootingbologna,R3booting,The shadow realm,raving lunatic,23,0,0,en
Thu Sep 24 01:43:28 +0000 2020,1308945111900983302,@FallGuysGame Arcyeetis,787055503268454400,Default,iCreatorReal,Big Brain Cooperation.,yep,41,0,0,en
Thu Sep 24 01:42:57 +0000 2020,1308944982691270657,@FallGuysGame Mashus Bashus,306167540,Mark Hester,DoubleOhMark,"Kingswinford, England",Nightfiend. And Spider-Man. Born the wrong side of the Atlantic.,296,0,0,da
Thu Sep 24 01:41:43 +0000 2020,1308944674174967808,@FallGuysGame Big deletus,1270896948145520643,adrienne,cowardetteHQ,,#QUACKITY: *whips* ITS ******* HOT IN HERE | @cowardette | she/herâ€¢19,295,0,0,en
Thu Sep 24 01:41:29 +0000 2020,1308944615035351043,@FallGuysGame Mince Meatus for sure,3054214622,Noah #BlackLivesMatter,UndreamtMars,Colony 9,"#JOYCONBOYZFOREVER | #BLACKLIVESMATTER
Play Xenoblade Chronicles| He/him | 
SW-6245-5265-5808 |
Icon is my OC Azalea & her pet red panda Dahlia by @cielo_mist!!",69,0,0,en
Thu Sep 24 01:40:29 +0000 2020,1308944362357760000,@FallGuysGame The bean banisher!!!,1180712008838049793,toasty~ Ã— âœŠğŸ¿âœŠğŸ¾âœŠğŸ½âœŠğŸ¼âœŠğŸ»,ToastedMildly,"Melbourne, Victoria","8 Bioshock world records, saw a really cool dog one time, has the beard your crush wishes you had~",105,0,0,en
Thu Sep 24 01:39:33 +0000 2020,1308944126776401920,@FallGuysGame BIG CLEETUS,368111610,josh,_kushologist,ohigho,24 | Nikki & Hazel ğŸ‘¨â€ğŸ‘©â€ğŸ‘§ GT/Mixer: AhBluntz,292,0,0,en
Thu Sep 24 01:37:46 +0000 2020,1308943679562952706,@FallGuysGame Rolliclees Maximus,4669184832,BluZombie,SpringeeBot,,"He/They
16
An aspiring animator!
Follow me on Youtube and Insta as well:
@bluzombiecosmicchaos
https://t.co/GWa3hrgbhC",45,0,0,en
Thu Sep 24 01:37:07 +0000 2020,1308943515670523904,@FallGuysGame Spiky Mikey,1051608364101369856,Ben âœ¨,bunny_m0_0n,"Glasgow, Scotland",Hi Iâ€™m Ben and I constantly delete my own tweets because I make typos and canâ€™t deal with the consequences - he/him,210,0,1,und
Thu Sep 24 01:36:13 +0000 2020,1308943287248498697,@FallGuysGame Large Beetus.,1117896680,Ben Goe,goebenjamin,"San Diego, CA","Cohost of the Grog and Games Cast insta:@benjamingoe, Xbox: EndlessDarkk",59,0,0,en
Thu Sep 24 01:36:05 +0000 2020,1308943253941579776,@FallGuysGame BIG SPUS,1090526434416709632,KanKan,gantarozx,Thailand,à¸„à¸¸à¸“à¸à¸²à¸™à¸›à¸°à¸à¸­à¸™ Video Games Journalist @ThisIsGameTH | Highly addicted to food and video games | Tech Savvy | He/Him,66,0,0,en
Thu Sep 24 01:34:52 +0000 2020,1308942947937902597,@FallGuysGame Smashus Passis,1276043645888671744,Piplupfan12,piplupfan12,My Location ,"PIPLUP BITCH!
Anyways Yo!
Iâ€™m Piplupfan12 
I make arts and do spontaneous shit",0,0,0,en
Thu Sep 24 01:33:06 +0000 2020,1308942503849197568,@FallGuysGame Big Destroyus,1136347026407469056,TjX,TKFi3nd,,,1,0,0,ca
Thu Sep 24 01:32:41 +0000 2020,1308942398895132672,@FallGuysGame Knobbly Jobber,60402167,mrfungfung,mrfungfung,,ç„¡èŠ/æ— èŠ - The state of having nothing better to do. Pronounced mow lew/wu liao.,2066,0,0,en
Thu Sep 24 01:29:19 +0000 2020,1308941550018330625,@FallGuysGame big cleatus,723943077170319361,The Cloud,tiresieas,,"i play games because im a chump 

crypto main and proud, cowards

https://t.co/TLef6ag8bl",11,0,0,en
Thu Sep 24 01:29:17 +0000 2020,1308941541549969409,@FallGuysGame The Notorious Y.E.E.T.,2993044413,A skeleton,RandomSkeleton,,May or may not be a skeleton,9,0,0,en
Thu Sep 24 01:28:24 +0000 2020,1308941321093120000,@FallGuysGame Rollie Polly olly,838452134681116672,Aaron,oldypop,,,1,0,0,en
Thu Sep 24 01:28:08 +0000 2020,1308941253623656448,@FallGuysGame Fred the Shred,126521999,GeoDude â­•,geoTev21,"Massachusetts, USA","PSN: Crusaderx39

UMaine grad. Food, cooking, beer, and Batman",142,0,0,en
Thu Sep 24 01:27:57 +0000 2020,1308941208668876800,"@FallGuysGame ""please no"" 
named after what people will say upon seeing it",3129132800,Very much alive BooFire,biker_boo,smoking weed on the toliet,"make a killing living, killing to make a living
ğŸ³ï¸â€ğŸŒˆ",1,0,0,en
Thu Sep 24 01:27:44 +0000 2020,1308941151521714176,@FallGuysGame https://t.co/U74BnnQAuv,14320187,Gom Jabbar Rights Activist,QuicksandBuddy,He/Him,Looking for a female immanence filled with ambiguity and with a face of many terrors.,505,0,0,und
Thu Sep 24 01:27:01 +0000 2020,1308940973699993601,"@FallGuysGame MC Roller (cause U can't touch this!)
Mr. Spikealot
Pinhead
Harry Rollter
Spikelicious
Britney (cause Oops I did it again)
Nail Mc'Rollin
Roller Costner",356284851,Eduardo Sponholz ğŸ‘‘,eduarspon,,,12,0,0,en
Thu Sep 24 01:26:46 +0000 2020,1308940909145399296,@FallGuysGame Humongous Rollus,1355257933,Exchilango,Ex_chilango,The darkest timeline ,,38,0,0,fr
Thu Sep 24 01:26:35 +0000 2020,1308940862680834048,@FallGuysGame BIG SWEEPUS ğŸ§¹,1175215747,Donnie,donnie237,"Boston, MA",Team 237 Black Magic Beating the dead horse since '10,131,0,0,en
Thu Sep 24 01:26:03 +0000 2020,1308940729180397568,@FallGuysGame Twilight Sparkle's Pony Nipples,1306972016654909443,"Aceacles, the Elementalist",Aceacles1,Denizen of Terra Firma,"Husband and father. Gamer, writer, creator. Agnostic, Universal Unitarian, Buddhist. Autistic, gender neutral, bi. ENFP, Gemini. B.S. CIS, 124 IQ, 95th%.",4,0,0,en
Thu Sep 24 01:25:58 +0000 2020,1308940708385116162,@FallGuysGame Big beatus,2779842283,Blowgurts,Luchachub,,Do ya ever just punch a baby bird until itâ€™s a red mist,8,0,0,en
Thu Sep 24 01:24:45 +0000 2020,1308940401571762176,@FallGuysGame Rolo Yolo,4459426348,David,Dee_sguise,,,20,0,0,in
Thu Sep 24 01:24:03 +0000 2020,1308940226807689216,@FallGuysGame Rockin' Rolla,1136118187827896320,sunshotpocket âš’ï¸,sunshotpocket,"North Carolina, USA",sunshotpocket | sun on iPad | fall guy 4081 âš’ï¸ live streams and uploads weekly â€¢ destiny â€¢ fortnite â€¢ brawl stars â€¢ fall guys â€¢ coc â€¢ https://t.co/xa0DDKQG8d,81,0,0,fi
Thu Sep 24 01:24:02 +0000 2020,1308940223301251073,@FallGuysGame Big SpikeyBoi,1306972016654909443,"Aceacles, the Elementalist",Aceacles1,Denizen of Terra Firma,"Husband and father. Gamer, writer, creator. Agnostic, Universal Unitarian, Buddhist. Autistic, gender neutral, bi. ENFP, Gemini. B.S. CIS, 124 IQ, 95th%.",4,0,0,en
Thu Sep 24 01:24:00 +0000 2020,1308940213947953154,@FallGuysGame Carlos,937155692078817281,Fabricio Kurusu || Reading Stone Ocean,FabricioM_11,Minha Casa,"Ugh! Schalooob!

ğŸ‡§ğŸ‡·| Post tweets on portuguese, but can respond in english (or at least try)",181,0,0,es
Thu Sep 24 01:23:42 +0000 2020,1308940138450432001,@FallGuysGame Roller McSpike Face,1306972016654909443,"Aceacles, the Elementalist",Aceacles1,Denizen of Terra Firma,"Husband and father. Gamer, writer, creator. Agnostic, Universal Unitarian, Buddhist. Autistic, gender neutral, bi. ENFP, Gemini. B.S. CIS, 124 IQ, 95th%.",4,0,0,en
Thu Sep 24 01:23:06 +0000 2020,1308939987099025410,@FallGuysGame Crunchy Roller,85380678,Kyle James,klye69,,"into games, music, movies among other things",38,0,0,en
Thu Sep 24 01:22:05 +0000 2020,1308939729543532546,@FallGuysGame Big nightmare,96919295,Harits,haritsaputra,Vormir,,270,0,0,en
Thu Sep 24 01:22:00 +0000 2020,1308939708781727749,@FallGuysGame Beetus,1111158811228663808,âš—ï¸E=mcÂ²ğŸ”¬,Knowledge_305,"Beaverton, OR","| Names Daniel |
 
| Games: Brawl Stars | Highest 25kğŸ† | Apex Legends | Apex DimondğŸ’ |

| Animes: Dr.Stone | Demon Slayer | Vinland Saga | HxH | One Piece |",116,0,0,et
